{"1": 6.497782230377197, "2": 16.93891978263855, "3": 10.630297899246216, "4": 8.848761558532715, "5": 34.02817106246948}