{"1": 6.766108751296997, "2": 64.03528594970703, "3": 23.222764492034912, "4": 33.097820520401}