{"1": 6.766108751296997, "2": 16.93891978263855, "3": 10.630297899246216, "4": 25.78847861289978, "5": 34.02817106246948}