{"1": 6.766108751296997, "2": 27.824364185333252, "3": 12.967988967895508, "4": 33.097820520401, "5": 34.02817106246948}